Group,Mean Active Minutes,Median Active Minutes,T-stats,P-value
Control,-11.810646490576234,-5.0,-25.321431146981578,2.0408012812569588e-137
Treatment,6.285897435897436,4.0,-25.321431146981578,2.0408012812569588e-137
