user_type,diff_act_mins_controled,diff_act_mins_treatment
contributor,-34.00595238095238,-57.88
new_user,9.663214768122467,17.878116343490305
non_reader,-11.40529539775933,6.515834038950042
reader,-34.29213483146067,-15.78804347826087
