Group,Mean Active Minutes,Median Active Minutes,T-stats,P-value
Control,837.6428857715431,52.0,0.4056089463388251,0.6850342487187623
Treatment,784.2028670721112,71.0,0.4056089463388251,0.6850342487187623
