Group,Mean Active Minutes,Median Active Minutes,T-stats,P-value
Control,77.7463586922548,38.0,-11.03723219226408,3.5034641363021703e-28
Treatment,91.88035280582896,52.0,-11.03723219226408,3.5034641363021703e-28
