gender,diff_act_mins_controled,diff_act_mins_treatment
female,-10.272905382044485,6.187650747708635
male,-12.648448584294615,6.915348101265823
unknown,-11.760067825349724,4.395670995670995
